age,salary,department,experience
-1.355815361366601,-1.3228756555322954,1,-1.5676361163220496
-0.8134892168199607,-0.5669467095138409,2,-0.46106944597707344
0.0,0.18898223650461363,0,0.6454972243679028
0.8134892168199607,0.0,2,1.3832083379312203
1.355815361366601,1.7008401285415227,1,0.0
